{
  "run_name": "activation__activation-tanh__alpha-0.0001__batch_size-512__hidden_layer_sizes-(64,)__learning_rate_init-0.001__max_iter-50__random_state-42",
  "stage": "activation",
  "params": {
    "hidden_layer_sizes": [
      64
    ],
    "activation": "tanh",
    "learning_rate_init": 0.001,
    "max_iter": 50,
    "alpha": 0.0001,
    "batch_size": 512,
    "random_state": 42
  },
  "loss_curve": [
    0.2576065408911333,
    0.2508666029577735,
    0.2494644858213802,
    0.2486074161054421,
    0.24776497717287807,
    0.24686688437846585,
    0.24602066612827675,
    0.24528487422973125,
    0.24457477722412405,
    0.2437888734269106,
    0.24317556809361884,
    0.24215117257787136,
    0.2414594783811622,
    0.24060253093357625,
    0.23959165799549068,
    0.23881362724327349,
    0.23796647405337656,
    0.237047329250176,
    0.2363636355055674,
    0.23558945646113957,
    0.23488542418379701,
    0.23404903094140175,
    0.23316394092913137,
    0.2323172957930472,
    0.2316365465918979,
    0.2309308676020772,
    0.23024776254938437,
    0.22947433234439155,
    0.22902110894662472,
    0.22830416901650966,
    0.22759535441708942,
    0.227101310826694,
    0.22635400032801217,
    0.22592919792285365,
    0.22532465122301096,
    0.22484624614775417,
    0.22432444703523463,
    0.22393219250641652,
    0.22331970754207217,
    0.22294082642403965,
    0.22265721411512351,
    0.22212980579686867,
    0.22192189678680774,
    0.22136625607539862,
    0.22084246973610827,
    0.22056229965479576,
    0.22023557189064635,
    0.22000552637268186,
    0.21940996408002186,
    0.21908164242480255
  ],
  "n_iter": 50
}