{
  "run_name": "architecture__activation-relu__alpha-0.0001__batch_size-512__hidden_layer_sizes-(128,64)__learning_rate_init-0.001__max_iter-50__random_state-42",
  "stage": "architecture",
  "params": {
    "hidden_layer_sizes": [
      128,
      64
    ],
    "activation": "relu",
    "learning_rate_init": 0.001,
    "max_iter": 50,
    "alpha": 0.0001,
    "batch_size": 512,
    "random_state": 42
  },
  "loss_curve": [
    0.2624133855413324,
    0.2494111261728317,
    0.24696206125758086,
    0.24526566512361317,
    0.24389280428088986,
    0.24135432560924935,
    0.23904962882880648,
    0.23679421991243796,
    0.23440304751707494,
    0.23178757887275545,
    0.22860862496278228,
    0.22575964094883338,
    0.22269960265657585,
    0.22043957308952125,
    0.21777039226949707,
    0.21500288716378096,
    0.21199814987620594,
    0.20897973150374555,
    0.2067701395706172,
    0.20445808035052368,
    0.20191703888099355,
    0.1995429027009315,
    0.19754503290874045,
    0.19551653754431134,
    0.1935669243964696,
    0.19101898139515347,
    0.18987371613802287,
    0.18762316147132616,
    0.18638185665353194,
    0.18443713874671386,
    0.18286727275680137,
    0.1807828757667284,
    0.1796925247032072,
    0.17836628987120656,
    0.17671095126830716,
    0.17509243375115882,
    0.17341727753306896,
    0.17242640857266306,
    0.1707065356482925,
    0.17013067143364008,
    0.16898693735639167,
    0.16682860196602411,
    0.1656730312913427,
    0.1653193607333586,
    0.16409055409401715,
    0.16301617132766924,
    0.1615765548765177,
    0.1612590370862902,
    0.1598985891378609,
    0.15829515554124093
  ],
  "n_iter": 50
}