{
  "run_name": "architecture__activation-relu__alpha-0.0001__batch_size-512__hidden_layer_sizes-(256,128,64)__learning_rate_init-0.001__max_iter-50__random_state-42",
  "stage": "architecture",
  "params": {
    "hidden_layer_sizes": [
      256,
      128,
      64
    ],
    "activation": "relu",
    "learning_rate_init": 0.001,
    "max_iter": 50,
    "alpha": 0.0001,
    "batch_size": 512,
    "random_state": 42
  },
  "loss_curve": [
    0.25873103966170247,
    0.24922307032536337,
    0.24723401696302713,
    0.2449037865400448,
    0.24252458223720832,
    0.23905557355700238,
    0.23525873401829225,
    0.23054760202511843,
    0.22479047451425735,
    0.21787517103230597,
    0.2099740631142097,
    0.20160727394125147,
    0.1921209979826917,
    0.1827541632906439,
    0.17261400699275387,
    0.16377382559752068,
    0.1539444993306341,
    0.14513445501893232,
    0.13703472267703948,
    0.13014771947711004,
    0.12270707361655217,
    0.1157091049307687,
    0.10962220840765222,
    0.1045468967089612,
    0.09937078686182456,
    0.094521671366119,
    0.08961793255350307,
    0.08589781535020136,
    0.08339199910889672,
    0.07813157844358698,
    0.07520193532334334,
    0.07204263628627867,
    0.068172547914587,
    0.06780027007875157,
    0.06422210198238827,
    0.06283602242175586,
    0.060349275845769365,
    0.05677008196925407,
    0.05450852714079695,
    0.05711288508734351,
    0.052066587263277876,
    0.053825508125563186,
    0.04938660445288914,
    0.0471730816893142,
    0.04978966561481029,
    0.04796235973165252,
    0.04303454229693607,
    0.043323269184945355,
    0.04411055460506565,
    0.04174138900049156
  ],
  "n_iter": 50
}