{
  "run_name": "learning_rate__activation-relu__alpha-0.0001__batch_size-512__hidden_layer_sizes-(64,)__learning_rate_init-0.01__max_iter-50__random_state-42",
  "stage": "learning_rate",
  "params": {
    "hidden_layer_sizes": [
      64
    ],
    "activation": "relu",
    "learning_rate_init": 0.01,
    "max_iter": 50,
    "alpha": 0.0001,
    "batch_size": 512,
    "random_state": 42
  },
  "loss_curve": [
    0.25820774372518,
    0.2516178333537473,
    0.25044362062974146,
    0.25105540857807146,
    0.24937908245906515,
    0.24780630649868426,
    0.24708223303139606,
    0.24610511854795605,
    0.2453685679140848,
    0.2447418968753773,
    0.24367416560298646,
    0.24258398364227504,
    0.24188154265198247,
    0.2407494850586494,
    0.24051526539774493,
    0.23930577791064978,
    0.23812477217717168,
    0.23753730647325824,
    0.23640761693246246,
    0.23600858796530147,
    0.23535991443652024,
    0.2344116019023056,
    0.23482998664868596,
    0.2337339208612608,
    0.23330606439913695,
    0.232179494156146,
    0.23226929130339374,
    0.2322315474686978,
    0.2312659083419966,
    0.23052954689667055,
    0.230875871329733,
    0.23002823152970706,
    0.2289182657821117,
    0.22878092722578147,
    0.22847034989124948,
    0.2281598749661495,
    0.22746722061928912,
    0.22731801425289544,
    0.22694723170635447,
    0.22732576325796824,
    0.22711543894022282,
    0.2261064697887034,
    0.22661031099897394,
    0.2261139902970414,
    0.22690662064085387,
    0.22677069261363614,
    0.2267647570255667,
    0.22786480917311963,
    0.22474211481586137,
    0.22452904022377795
  ],
  "n_iter": 50
}