{
  "run_name": "max_iter__activation-relu__alpha-0.0001__batch_size-512__hidden_layer_sizes-(64,)__learning_rate_init-0.001__max_iter-80__random_state-42",
  "stage": "max_iter",
  "params": {
    "hidden_layer_sizes": [
      64
    ],
    "activation": "relu",
    "learning_rate_init": 0.001,
    "max_iter": 80,
    "alpha": 0.0001,
    "batch_size": 512,
    "random_state": 42
  },
  "loss_curve": [
    0.26493575835273175,
    0.25004755489665426,
    0.24834404582454492,
    0.24733734285403292,
    0.24617011053847737,
    0.24506087117989547,
    0.24415911017832412,
    0.2433144327156127,
    0.24244844773333507,
    0.24152192607208933,
    0.2407743027922359,
    0.23972928403940802,
    0.23908847580804782,
    0.2383278830562486,
    0.2375278745576951,
    0.23682093570488172,
    0.23613819972441896,
    0.23540927677429754,
    0.23482750560591834,
    0.23443363642886467,
    0.2340803289950844,
    0.23340039513844754,
    0.2328579474980707,
    0.23232124998554338,
    0.23176644577947458,
    0.23145518205744867,
    0.23122668916268882,
    0.23066631600625448,
    0.2303047183313537,
    0.22996429622035175,
    0.22928856244351561,
    0.22913229620777056,
    0.22869277821336856,
    0.22850748525369777,
    0.22788702227301097,
    0.22770968806874142,
    0.22727372961898068,
    0.22698547666907684,
    0.22668400039386058,
    0.22666942860440395,
    0.2262371180663159,
    0.225931970365674,
    0.22550791512471313,
    0.2254204333292932,
    0.22504318800031395,
    0.22459782500888065,
    0.2245121771931644,
    0.22449178255197635,
    0.22384003406380742,
    0.22345933698736767,
    0.22336562261010534,
    0.2231904028631971,
    0.2229713891560925,
    0.22296677804213413,
    0.22267590309145005,
    0.22250766607890007,
    0.22236879641084967,
    0.22225715355934147,
    0.222317580333429,
    0.22184704609984784,
    0.2213430655734272,
    0.22123468684917055,
    0.22102040290331676,
    0.22117544655515622,
    0.22079238904250037,
    0.22078979173887725,
    0.22053297806771313,
    0.22015035454125007,
    0.22038834288802484,
    0.22006842521272338,
    0.21994124358530184,
    0.22007289061797003,
    0.2196779603068234,
    0.21953312900612773,
    0.21955311630921334,
    0.21930859766850833,
    0.21913600111453474,
    0.21864933681956872,
    0.2189827440034911,
    0.21862483700317148
  ],
  "n_iter": 80
}