{
  "run_name": "max_iter__activation-relu__alpha-0.0001__batch_size-512__hidden_layer_sizes-(64,)__learning_rate_init-0.001__max_iter-30__random_state-42",
  "stage": "max_iter",
  "params": {
    "hidden_layer_sizes": [
      64
    ],
    "activation": "relu",
    "learning_rate_init": 0.001,
    "max_iter": 30,
    "alpha": 0.0001,
    "batch_size": 512,
    "random_state": 42
  },
  "loss_curve": [
    0.26493575835273175,
    0.25004755489665426,
    0.24834404582454492,
    0.24733734285403292,
    0.24617011053847737,
    0.24506087117989547,
    0.24415911017832412,
    0.2433144327156127,
    0.24244844773333507,
    0.24152192607208933,
    0.2407743027922359,
    0.23972928403940802,
    0.23908847580804782,
    0.2383278830562486,
    0.2375278745576951,
    0.23682093570488172,
    0.23613819972441896,
    0.23540927677429754,
    0.23482750560591834,
    0.23443363642886467,
    0.2340803289950844,
    0.23340039513844754,
    0.2328579474980707,
    0.23232124998554338,
    0.23176644577947458,
    0.23145518205744867,
    0.23122668916268882,
    0.23066631600625448,
    0.2303047183313537,
    0.22996429622035175
  ],
  "n_iter": 30
}