model,accuracy,precision,recall,f1,auc_pr
XGBoost,0.9197649966397121,0.6,0.01852846401718582,0.03594686116176087,0.24595067743382762
MLP,0.9168816528280617,0.39299610894941633,0.054242749731471536,0.09532798489853704,0.21189490180626017
